Kayson,Riggs,1995-02-12,De La Salle University
Ezra,Mclean,1986-01-06,De La Salle University
Whitney,Bryan,1988-02-05,De La Salle University
Messiah,Terry,2006-12-12,De La Salle University
Arabella,Osborne,1993-09-27,De La Salle University
Natalee,Navarro,2005-11-30,De La Salle University
April,Sanchez,1999-02-15,De La Salle University
Raven,Avila,2008-01-13,De La Salle University
Darwin,Winters,1988-01-14,De La Salle University
Zain,Spencer,1986-08-25,De La Salle University
Emilie,Joyce,1992-10-05,De La Salle University
Breanna,Hughes,2007-03-09,De La Salle University
Brycen,Ortega,2010-08-30,Ateneo De Manila University
Adele,Alexander,1988-05-06,Ateneo De Manila University
Sergio,Castro,1989-01-28,Ateneo De Manila University
Jose,Hodge,2004-11-17,Ateneo De Manila University
Cannon,Marquz,2000-07-12,Ateneo De Manila University
Ruben,Dennis,1998-04-12,Ateneo De Manila University
Ryder,Leach,1992-02-25,Ateneo De Manila University
Audrey,Hoffman,1997-11-08,Mapua Institute Technology
Bailey,Pierce,2004-07-11,Mapua Institute Technology
Miles,Farmer,2010-04-08,Mapua Institute Technology
Ryan,Gentry,1993-05-04,Mapua Institute Technology
Shelby,Stein,1997-03-30,Mapua Institute Technology
Gunner,Penningtor,1990-10-23,University of Santo Tomas
Jordan,Wiley,2007-09-01,University of Santo Tomas
Aubri,Gutierrez,1989-02-19,University of Santo Tomas
Valentina,Mack,1996-05-21,University of Santo Tomas
Braylin,Reese,1985-05-10,University of Santo Tomas
Tatiana,Mcneil,1994-08-03,University of Santo Tomas
Celeste,Nash,2000-12-12,Lyceum of the Philippines University
Tiana,Patterson,2007-02-17,Lyceum of the Philippines University
Cecelia,Rhodes,1992-03-25,Lyceum of the Philippines University
Michael,Fuentes,2006-09-09,Lyceum of the Philippines University
Charlee,Nicholson,2004-11-11,Lyceum of the Philippines University
Olivia,Hodge,1994-06-26,Lyceum of the Philippines University
Hank,Lloyd,1988-06-02,Lyceum of the Philippines University
Leighton,Daniel,1993-01-07,Lyceum of the Philippines University
Alia,Callahan,1995-06-23,University of the Philippines
Yehuda,Griffith,1999-08-14,University of the Philippines
Leslie,Sparks,1998-09-06,University of the Philippines
Madisyn,Barrera,1996-11-11,University of the Philippines
Amiya,Mccoy,1999-09-07,University of the Philippines
Angel,Chan,2002-04-03,University of the Philippines
Major,Gilmore,1995-05-06,University of the Philippines
Priscilla,Snow,1989-06-16,System Technology Institute's Education Center
Kenzie,Dejesus,1985-07-09,System Technology Institute's Education Center
Lina,Carson,2009-11-12,System Technology Institute's Education Center
Rihanna,Blair,2004-07-25,System Technology Institute's Education Center
Jolene,Rice,1990-09-02,System Technology Institute's Education Center
ava danica,alimurong,1990-01-28,De La Salle University
deanne cayne,baldemor,1990-03-28,De La Salle University
karl mikhail,baluca,1992-02-28,De La Salle University
yuri,banawa,1990-05-09,De La Salle University
veeyay rexel,banda,1990-08-05,De La Salle University
laurence daryl,barin,1990-08-07,De La Salle University
renzell david,barros,1992-03-07,De La Salle University
vincent ulap,camilon,1992-03-16,De La Salle University
raffy,cañares,1990-10-31,De La Salle University
neil cydric,capistrano,1990-09-28,De La Salle University
paula andrea,casas,1992-04-28,De La Salle University
bianca marie,cauyao,1992-08-29,De La Salle University
george jose,cayabyab,1990-09-30,De La Salle University
aztec daniel,centeno,1992-10-25,De La Salle University
ramon jericho,cereno iv,1990-11-06,De La Salle University
ralph reinier,cobankiat,1992-11-06,De La Salle University
dominique,dagunton,1991-02-16,De La Salle University
alvin,de guzman,1991-06-24,De La Salle University
kevin michael,dela cruz,1993-01-26,De La Salle University
gian bernnice,diaz,1991-07-21,De La Salle University
jonas lanz,divinagracia,1993-02-17,De La Salle University
kurt ryu josef,ebol,1991-11-06,De La Salle University
alexander jr.,espiritu,1991-12-17,De La Salle University
francis john,fernandez,1991-12-19,De La Salle University
markus luis,flores,1993-04-20,De La Salle University
antonio jorge,francisco,1992-03-30,De La Salle University
paul armand,galang,1992-04-12,De La Salle University
lorenzo,gellada,1993-06-13,De La Salle University
reynaldo miguel,isidro,1992-04-16,De La Salle University
timothy lawrence,isleta,1992-06-10,De La Salle University
paul jason,jarina,1993-07-03,De La Salle University
hannie rachel,king,1993-12-16,De La Salle University
juliano,laguio,1992-07-10,De La Salle University
ana francesca,laid,1994-04-26,De La Salle University
christian jasper,lariza,1994-11-16,De La Salle University
karmela louise,libed,1993-09-14,De La Salle University
aldrich,limheya,1990-04-22,De La Salle University
julia anastasha,lopez-pozas,1990-05-13,De La Salle University
aliana,magtoto,1993-11-22,De La Salle University
karl isaac,malabuyo,1993-11-26,De La Salle University
jose gabriel,mariano,1990-07-28,De La Salle University
frances adrianne,medina,1994-04-23,De La Salle University
lourdes,mendoza,1992-09-24,De La Salle University
ronnel,mendoza,1994-12-23,De La Salle University
john carlo,metharam,1990-09-23,De La Salle University
john christian,miguel,1991-01-31,De La Salle University
ieko lo,molina,1990-06-07,De La Salle University
gienoe,oblepias,1990-10-07,De La Salle University
kim,oñate,1990-12-11,De La Salle University
jan pauline mae,ordones,1990-11-09,De La Salle University
jushmel,panaligan,1991-03-17,De La Salle University
richard lance,parayno,1991-03-30,De La Salle University
ralitsa edna,payumo,1991-05-16,De La Salle University
sean,perez,1991-07-29,De La Salle University
daniel,ranario,1991-08-25,De La Salle University
christian glenn,reyes,1991-05-11,De La Salle University
julienne michaela,ricafort,1991-10-07,De La Salle University
timothy pierce,samontina,1991-11-08,De La Salle University
elijah,san pedro,1993-01-20,De La Salle University
christin,santos,1990-01-12,De La Salle University
rafael santiago,sayson,1990-02-03,De La Salle University
christian erin faith,silan,1990-03-31,De La Salle University
maria geraldine,songco,1990-04-17,De La Salle University
angel phonzo,tan,1990-04-22,De La Salle University
arvin lauren,tan,1990-05-13,De La Salle University
carl aaron,tan,1993-07-14,De La Salle University
cathrina eloisa,tan,1993-08-28,De La Salle University
elizabeth,tan,1994-01-31,De La Salle University
marc glennrick,tanenggee,1991-10-20,De La Salle University
denmark,tayong,1994-03-19,De La Salle University
darrell dane,tin,1994-06-17,De La Salle University
manuel carl,toleran jr.,1991-11-20,De La Salle University
robin,young,1992-01-23,De La Salle University
abigail,zamora,1994-06-20,De La Salle University
tate,chapman,1995-06-07,Ateneo De Manila University
kyndall,garrison,1993-10-10,Ateneo De Manila University
april,warren,1995-09-03,Ateneo De Manila University
skylar,oconnor,1996-09-26,Ateneo De Manila University
alaya,ryan,1996-04-07,Ateneo De Manila University
lawrence,cohen,1992-05-20,Ateneo De Manila University
marlon,cantu,1994-07-17,Ateneo De Manila University
penelope,nguyen,1998-04-26,Ateneo De Manila University
clara,barrera,1996-05-14,Ateneo De Manila University
will,dickson,1997-07-15,Ateneo De Manila University
sarai,atkinson,1994-08-08,Ateneo De Manila University
mia,roach,1998-12-25,Ateneo De Manila University
skyla,johnson,1998-04-30,Ateneo De Manila University
elyse,noel,1995-06-05,Ateneo De Manila University
madison,burns,1997-04-20,Ateneo De Manila University
lilliana,warner,1996-03-13,Ateneo De Manila University
branson,joyner,1994-06-16,Ateneo De Manila University
stella,rivas,1996-05-12,Ateneo De Manila University
marc,clayton,1998-01-05,Ateneo De Manila University
dax,barnes,1994-08-19,Ateneo De Manila University
vanessa,lloyd,1998-09-22,Ateneo De Manila University
erica,cummings,1995-02-09,Ateneo De Manila University
clark,garcia,1998-07-08,Ateneo De Manila University
bruce,franco,1992-07-02,Ateneo De Manila University
chana,collier,1993-03-28,Ateneo De Manila University
mitchell,underwood,1994-06-14,Ateneo De Manila University
annabelle,sweet,1995-09-18,Ateneo De Manila University
morgan,sims,1993-11-12,Ateneo De Manila University
dylan,hurley,1996-06-18,Ateneo De Manila University
michelle,pearson,1994-02-03,Ateneo De Manila University
lillianna,cervantes,1995-04-11,Ateneo De Manila University
kenzie,conrad,1995-04-20,Ateneo De Manila University
vincent,walter,1996-11-19,Ateneo De Manila University
enrique,dalton,1996-03-11,Ateneo De Manila University
scarlet,mcclain,1994-06-13,Ateneo De Manila University
alyson,church,1996-04-20,Ateneo De Manila University
abel,dixon,1996-11-09,Ateneo De Manila University
callan,melton,1993-11-26,Ateneo De Manila University
chase,wade,1994-04-13,Ateneo De Manila University
amya,wilkins,1992-07-12,Ateneo De Manila University
luciano,moreno,1994-10-01,Ateneo De Manila University
shaniya,pittman,1994-06-22,Ateneo De Manila University
danika,snyder,1996-09-14,Ateneo De Manila University
grayson,ward,1998-01-11,Ateneo De Manila University
rex,odom,1998-07-27,Ateneo De Manila University
makayla,wright,1998-12-03,Ateneo De Manila University
kamron,dominguez,1998-01-15,Ateneo De Manila University
dominik,kaufman,1996-02-09,Ateneo De Manila University
kylan,booker,1995-05-12,Ateneo De Manila University
demarcus,mcneil,1997-07-04,Ateneo De Manila University
jagger,collier,1996-12-11,Ateneo De Manila University
amelia,stephens,1996-07-17,Ateneo De Manila University
halle,pickett,1998-12-12,Ateneo De Manila University
jade,workman,1992-12-27,Ateneo De Manila University
brycen,figueroa,1993-09-12,Ateneo De Manila University
stacy,poole,1998-06-15,Ateneo De Manila University
april,gibson,1996-02-22,Ateneo De Manila University
kyra,cain,1994-06-08,Ateneo De Manila University
fabian,shields,1994-01-28,Ateneo De Manila University
armando,pickett,1997-09-17,Ateneo De Manila University
zion,craft,1992-10-14,Ateneo De Manila University
ayaan,mullins,1996-03-31,Ateneo De Manila University
marisol,graham,1995-02-26,Ateneo De Manila University
titus,chavez,1993-08-04,Ateneo De Manila University
giancarlo,sutton,1997-08-13,Ateneo De Manila University
sebastian,sandoval,1996-02-25,Ateneo De Manila University
mustafa,adams,1994-01-03,Ateneo De Manila University
logan,simon,1997-07-30,Ateneo De Manila University
raquel,koch,1997-12-28,Ateneo De Manila University
hugo,gomez,1995-06-17,Ateneo De Manila University
colin,farrell,1992-04-19,Ateneo De Manila University
yahir,conley,1995-05-04,Ateneo De Manila University
cali,stout,1998-01-10,Ateneo De Manila University
enzo,pierce,1994-10-29,Ateneo De Manila University
malia,goff,1992-07-19,Ateneo De Manila University
myles,palmer,1997-05-16,Ateneo De Manila University
briella,montoya,1996-01-07,Ateneo De Manila University
alessandro,macias,1993-03-05,Ateneo De Manila University
malcolm,crosby,1994-05-24,Ateneo De Manila University
makayla,andrews,1997-08-13,Ateneo De Manila University
kody,nash,1995-12-17,Ateneo De Manila University
aidan,anthony,1993-05-09,Ateneo De Manila University
brenden,jenkins,1992-10-08,Ateneo De Manila University
leo,guy,1992-04-10,Ateneo De Manila University
simon,wilder,1997-04-06,Ateneo De Manila University
haven,blake,1992-05-19,Ateneo De Manila University
jasmin,dotson,1998-04-21,Ateneo De Manila University
otto,farley,1994-03-09,Ateneo De Manila University
nathanael,frederick,1994-08-05,Ateneo De Manila University
emersyn,roman,1998-03-25,Ateneo De Manila University
sarahi,compton,1995-08-07,Ateneo De Manila University
steve,burt,1994-10-31,Ateneo De Manila University
coleman,stark,1997-08-22,Ateneo De Manila University
mason,blevins,1997-07-10,Ateneo De Manila University
ayanna,mcknight,1994-12-06,Ateneo De Manila University
cole,kent,1993-05-12,Ateneo De Manila University
jordyn,madden,1993-05-29,Ateneo De Manila University
adelaide,nelson,1996-07-26,Ateneo De Manila University
kinsey,england,1997-08-17,Ateneo De Manila University
ashlynn,dillon,1992-12-16,Ateneo De Manila University
marissa,bright,1993-09-05,Ateneo De Manila University
paisley,carpenter,1994-06-30,Ateneo De Manila University
aliyah,carrillo,1993-06-01,Ateneo De Manila University
ishaan,hodges,1995-05-25,Ateneo De Manila University
brody,carroll,1995-07-20,Ateneo De Manila University
holly,mccray,1995-09-07,Ateneo De Manila University
delilah,lynch,1994-03-30,Ateneo De Manila University
rayna,roman,1995-01-23,Ateneo De Manila University
payten,wilkins,1994-09-04,Ateneo De Manila University
amari,owen,1994-12-12,Ateneo De Manila University
dennis,warren,1996-10-14,Ateneo De Manila University
paityn,wilcox,1996-12-16,Ateneo De Manila University
jaydin,whitehead,1992-07-14,Ateneo De Manila University
rowen,hurley,1992-07-01,Ateneo De Manila University
emely,mcgowan,1995-01-04,Ateneo De Manila University
alexis,shaffer,1997-11-12,Ateneo De Manila University
jaylyn,delacruz,1996-07-29,Ateneo De Manila University
kaelynn,garza,1996-05-10,Ateneo De Manila University
leanna,fernandez,1992-01-27,Ateneo De Manila University
elena,vaughn,1996-06-06,Ateneo De Manila University
gia,benjamin,1995-01-01,Ateneo De Manila University
natalie,parsons,1992-01-08,Ateneo De Manila University
vivienne,jennings,1994-07-12,Ateneo De Manila University
kayden,smith,1998-12-15,Ateneo De Manila University
lylah,wilder,1995-03-19,Ateneo De Manila University
jaxson,sloan,1993-02-20,Ateneo De Manila University
roy,grimes,1993-08-12,Ateneo De Manila University
bradyn,jacobs,1993-11-05,Ateneo De Manila University
abdiel,holden,1997-03-21,Ateneo De Manila University
cecelia,mcknight,1996-04-24,Ateneo De Manila University
lucy,foster,1995-07-19,Ateneo De Manila University
bradley,golden,1998-01-29,Ateneo De Manila University
jordynn,wilcox,1998-12-03,Ateneo De Manila University
jaylynn,sawyer,1995-11-17,Ateneo De Manila University
franco,baker,1992-03-30,Ateneo De Manila University
zaiden,frye,1996-08-09,Ateneo De Manila University
kason,vaughan,1994-11-01,Ateneo De Manila University
kaya,jacobs,1996-06-21,Ateneo De Manila University
kolby,mckenzie,1993-04-22,Ateneo De Manila University
aydan,phelps,1995-01-07,Ateneo De Manila University
salvador,valdez,1992-05-31,Ateneo De Manila University
alisson,livingston,1998-07-14,Ateneo De Manila University
evelynn,gay,1994-06-24,Ateneo De Manila University
haven,fulton,1993-09-18,Ateneo De Manila University
noah,wade,1994-01-15,Ateneo De Manila University
bridger,alvarado,1998-09-02,Ateneo De Manila University
gloria,maldonado,1996-12-07,Ateneo De Manila University
layton,sherman,1994-02-08,Ateneo De Manila University
malia,harper,1994-09-16,Ateneo De Manila University
desmond,williams,1992-08-03,Ateneo De Manila University
jamison,martin,1994-11-17,Ateneo De Manila University
anya,stuart,1993-08-08,Ateneo De Manila University
alden,franco,1993-02-17,Ateneo De Manila University
draven,workman,1993-03-08,Ateneo De Manila University
armani,deleon,1993-10-15,Ateneo De Manila University
sean,cannon,1993-04-12,Ateneo De Manila University
paige,owen,1992-09-05,Ateneo De Manila University
madelyn,jacobs,1994-12-15,Ateneo De Manila University
kasen,hyde,1992-04-04,Ateneo De Manila University
tristian,ballard,1998-12-21,Ateneo De Manila University
casey,daugherty,1998-01-03,Ateneo De Manila University
stacy,stevens,1998-09-14,Ateneo De Manila University
ishaan,robertson,1992-08-04,Ateneo De Manila University
abbey,todd,1995-11-28,Ateneo De Manila University
mollie,craig,1998-03-02,Ateneo De Manila University
robert,ball,1996-01-17,Ateneo De Manila University
rey,barker,1995-09-01,Ateneo De Manila University
brynlee,jarvis,1995-06-17,Ateneo De Manila University
fiona,duncan,1996-11-21,Ateneo De Manila University
edgar,gibson,1995-11-23,Ateneo De Manila University
scarlet,patterson,1998-12-22,Ateneo De Manila University
lina,mays,1997-04-13,Ateneo De Manila University
annie,cantu,1997-06-11,Ateneo De Manila University
lylah,carney,1994-07-17,Ateneo De Manila University
paisley,owens,1998-09-30,Ateneo De Manila University
maxx,craft,1998-03-01,Ateneo De Manila University
camden,short,1995-10-19,Ateneo De Manila University
joe,morgan,1993-04-08,Ateneo De Manila University
lorenzo,kirk,1993-06-04,Ateneo De Manila University
tyler,lara,1998-06-19,Ateneo De Manila University
damon,leon,1992-07-23,Ateneo De Manila University
coen,oneill,1998-12-04,Ateneo De Manila University
joyce,cortez,1995-01-30,Ateneo De Manila University
darwin,davenport,1992-06-30,Ateneo De Manila University
ayleen,elliott,1996-04-06,Ateneo De Manila University
yosef,atkins,1996-07-01,Ateneo De Manila University
cooper,church,1997-12-04,Ateneo De Manila University
andres,yang,1994-12-08,Ateneo De Manila University
kendra,dalton,1993-10-22,Ateneo De Manila University
clara,suarez,1997-03-18,Ateneo De Manila University
harley,conley,1992-07-30,Ateneo De Manila University
samir,hansen,1993-07-24,Ateneo De Manila University
leo,kerr,1993-09-08,Ateneo De Manila University
john,faulkner,1997-02-26,Ateneo De Manila University
matilda,baird,1993-11-08,Ateneo De Manila University
cristian,mcmahon,1993-04-08,Ateneo De Manila University
deborah,williamson,1998-02-08,Ateneo De Manila University
jayde,church,1995-08-28,Ateneo De Manila University
zayden,leach,1996-10-28,Ateneo De Manila University
lainey,maddox,1994-03-22,Ateneo De Manila University
lucille,harrington,1998-05-26,Ateneo De Manila University
bristol,cox,1998-01-03,Ateneo De Manila University
case,booth,1995-10-05,Ateneo De Manila University
alvin,dean,1993-06-18,Ateneo De Manila University
keenan,salazar,1992-02-21,Ateneo De Manila University
kamari,ferrell,1992-10-14,Ateneo De Manila University
rory,coleman,1994-03-05,Ateneo De Manila University
kimber,hampton,1996-10-15,Ateneo De Manila University
zander,becker,1994-07-21,Ateneo De Manila University
tatum,avila,1993-07-15,Ateneo De Manila University
messiah,reeves,1996-04-11,Ateneo De Manila University
gilbert,reynolds,1995-02-23,Ateneo De Manila University
pierre,crane,1995-08-05,Ateneo De Manila University
audrianna,knight,1995-10-19,Ateneo De Manila University
eliseo,jordan,1995-08-09,Ateneo De Manila University
penelope,pate,1992-06-28,Ateneo De Manila University
kendal,rogers,1998-10-27,Ateneo De Manila University
jackson,gilliam,1995-01-24,Ateneo De Manila University
jasmin,blackburn,1993-10-12,Ateneo De Manila University
aleena,rodriguez,1994-12-24,Ateneo De Manila University
jermaine,schultz,1995-05-21,Ateneo De Manila University
julie,weber,1995-10-14,Ateneo De Manila University
kylah,oneal,1996-01-17,Ateneo De Manila University
zion,puckett,1995-02-08,Ateneo De Manila University
kamden,lynn,1995-09-14,Ateneo De Manila University
jaden,blevins,1994-11-09,Ateneo De Manila University
jay,hodge,1997-07-03,Ateneo De Manila University
kendal,mcfadden,1992-11-27,Ateneo De Manila University
mallory,branch,1994-12-08,Ateneo De Manila University
saniyah,dickerson,1993-02-14,Ateneo De Manila University
brendan,hays,1998-06-11,Ateneo De Manila University
cooper,meyers,1992-06-26,Ateneo De Manila University
renee,perez,1993-05-26,Ateneo De Manila University
dallas,barnes,1993-04-20,Ateneo De Manila University
annabella,livingston,1993-05-01,Ateneo De Manila University
jeffery,delgado,1998-10-11,Ateneo De Manila University
katie,buckley,1997-08-06,Ateneo De Manila University
blake,harvey,1994-04-20,Ateneo De Manila University
zaniyah,dodson,1995-04-16,Ateneo De Manila University
madeline,jennings,1992-03-10,Ateneo De Manila University
bridger,holden,1996-02-11,Ateneo De Manila University
leigha,foreman,1996-10-12,Ateneo De Manila University
dawson,collins,1997-04-21,Ateneo De Manila University
kyla,graham,1998-10-29,Ateneo De Manila University
kendal,mason,1994-05-25,Ateneo De Manila University
bradley,avila,1995-01-22,Ateneo De Manila University
maximus,ashley,1993-03-23,Ateneo De Manila University
brooklynn,cantu,1996-11-09,Ateneo De Manila University
luke,watson,1992-01-27,Ateneo De Manila University
millie,mathews,1992-06-10,Ateneo De Manila University
zachery,carpenter,1994-02-02,Ateneo De Manila University
dario,long,1995-07-31,Ateneo De Manila University
liliana,carson,1998-12-03,Ateneo De Manila University
rowan,decker,1995-09-11,Ateneo De Manila University
regan,stein,1995-02-18,Ateneo De Manila University
diya,hewitt,1992-10-01,Ateneo De Manila University
anderson,bruce,1998-02-05,Ateneo De Manila University
camren,bradley,1992-12-19,Ateneo De Manila University
kaitlynn,greene,1997-09-25,Ateneo De Manila University
davon,powell,1994-07-31,Ateneo De Manila University
connor,head,1992-12-06,Ateneo De Manila University
cooper,ayers,1992-10-03,Ateneo De Manila University
evelynn,roman,1995-10-04,Ateneo De Manila University
maya,parrish,1998-07-15,Ateneo De Manila University
carley,peters,1994-01-19,Ateneo De Manila University
kenley,mercado,1998-12-29,Ateneo De Manila University
makayla,reyes,1994-11-29,Ateneo De Manila University
kyson,hawkins,1992-04-30,Ateneo De Manila University
tyrone,harding,1995-08-06,Ateneo De Manila University
santiago,morrison,1993-10-02,Ateneo De Manila University
brendon,ortega,1998-05-28,Ateneo De Manila University
aubri,byers,1996-11-10,Ateneo De Manila University
marissa,larson,1998-01-31,Ateneo De Manila University
raven,burgess,1998-03-30,Ateneo De Manila University
micah,pollard,1998-01-03,Ateneo De Manila University
caylee,heath,1994-08-20,Ateneo De Manila University
emelia,sawyer,1992-05-10,Ateneo De Manila University
charles,alvarez,1996-09-06,Ateneo De Manila University
brendon,alvarado,1998-10-02,Ateneo De Manila University
leanna,duffy,1997-03-28,Ateneo De Manila University
sabrina,green,1996-10-25,Ateneo De Manila University
violet,glass,1994-07-02,Ateneo De Manila University
kamden,oliver,1998-01-24,Ateneo De Manila University
siena,frost,1994-05-26,Ateneo De Manila University
skylar,preston,1997-12-02,Ateneo De Manila University
raymond,morin,1995-11-02,Ateneo De Manila University
samson,carlson,1995-06-07,Ateneo De Manila University
bryce,bowers,1994-01-04,Ateneo De Manila University
kimberly,chambers,1997-03-18,Ateneo De Manila University
phoenix,allen,1995-08-22,Ateneo De Manila University
brynlee,nielsen,1994-08-09,Ateneo De Manila University
noemi,wilkins,1998-09-03,Ateneo De Manila University
emily,whitaker,1998-04-17,Ateneo De Manila University
brooke,drake,1994-05-13,Ateneo De Manila University
thaddeus,patrick,1997-06-30,Ateneo De Manila University
cannon,brock,1992-04-27,Ateneo De Manila University
ciara,alexander,1994-11-11,Ateneo De Manila University
drew,reeves,1996-04-20,Ateneo De Manila University
aleah,brewer,1992-06-10,Ateneo De Manila University
sariyah,coffey,1996-12-30,Ateneo De Manila University
camden,harris,1996-12-03,Ateneo De Manila University
lilianna,madden,1993-11-09,Ateneo De Manila University
terry,marks,1997-01-21,Ateneo De Manila University
lance,contreras,1993-03-24,Ateneo De Manila University
cecelia,sanford,1997-05-02,Ateneo De Manila University
maleah,yang,1996-03-26,Ateneo De Manila University
drake,jacobson,1998-02-11,Ateneo De Manila University
sarah,fisher,1992-01-17,Ateneo De Manila University
braylee,stout,1993-04-17,Ateneo De Manila University
juliana,kelly,1998-06-18,Ateneo De Manila University
blaze,workman,1998-10-16,Ateneo De Manila University
lewis,todd,1998-08-16,Ateneo De Manila University
hank,campbell,1996-07-17,Ateneo De Manila University
pablo,payne,1997-11-02,Ateneo De Manila University
edith,miranda,1995-03-17,Ateneo De Manila University
randall,yang,1996-02-07,Ateneo De Manila University
lilia,rosa,1997-07-19,Ateneo De Manila University
jessie,robertson,1993-04-29,Ateneo De Manila University
scarlet,griffith,1992-05-17,Ateneo De Manila University
kayden,fox,1992-02-27,Ateneo De Manila University
sincere,payne,1993-02-14,Ateneo De Manila University
luka,farrell,1997-12-27,Ateneo De Manila University
darius,neal,1992-04-04,Ateneo De Manila University
miller,torres,1997-05-21,Ateneo De Manila University
jazlynn,daniel,1997-02-11,Ateneo De Manila University
jerimiah,donaldson,1994-05-29,Ateneo De Manila University
justus,cote,1995-11-21,Ateneo De Manila University
quinton,carlson,1992-11-21,Ateneo De Manila University
jorden,compton,1994-06-25,Ateneo De Manila University
kieran,cooke,1993-03-06,Ateneo De Manila University
jeremy,williamson,1997-12-08,Ateneo De Manila University
jaden,clark,1998-12-17,Ateneo De Manila University
america,gonzales,1998-05-05,Ateneo De Manila University
tanner,nelson,1995-02-20,Ateneo De Manila University
melissa,mccoy,1995-03-20,Ateneo De Manila University
emanuel,jones,1995-01-26,Ateneo De Manila University
aria,villarreal,1998-11-27,Ateneo De Manila University
cedric,velazquez,1996-10-31,Ateneo De Manila University
derrick,sweet,1998-03-25,Ateneo De Manila University
joshua,boone,1992-10-03,Ateneo De Manila University
chanel,saunders,1994-07-08,Ateneo De Manila University
reagan,griffith,1994-09-28,Ateneo De Manila University
jovanni,hendricks,1997-01-17,Ateneo De Manila University
sebastian,kramer,1994-09-19,Ateneo De Manila University
miguel,henson,1998-04-02,Ateneo De Manila University
finley,england,1996-07-31,Ateneo De Manila University
alison,bernard,1993-06-12,Ateneo De Manila University
cali,maynard,1997-07-12,Ateneo De Manila University
tia,brooks,1992-08-05,Ateneo De Manila University
muhammad,becker,1994-11-14,Ateneo De Manila University
miriam,gentry,1992-07-24,Ateneo De Manila University
lincoln,richmond,1994-02-26,Ateneo De Manila University
reid,sweeney,1994-11-20,Ateneo De Manila University
gia,abbott,1997-04-28,Ateneo De Manila University
denise,roberts,1996-02-06,Ateneo De Manila University
lacey,fleming,1992-05-04,Ateneo De Manila University
imani,logan,1995-09-11,Ateneo De Manila University
kellan,holloway,1994-11-23,Ateneo De Manila University
rosalie,duke,1993-11-06,Ateneo De Manila University
crystal,tillman,1992-05-20,Ateneo De Manila University
lamar,middleton,1992-07-30,Ateneo De Manila University
kyson,hale,1997-08-05,Ateneo De Manila University
karson,sweet,1997-10-08,Ateneo De Manila University
hayden,walters,1998-03-28,Ateneo De Manila University
charli,buckner,1995-11-10,Ateneo De Manila University
aubri,tran,1994-09-22,Ateneo De Manila University
gavyn,mcgee,1992-08-11,Ateneo De Manila University
temperance,prince,1998-08-07,Ateneo De Manila University
cameron,riddle,1993-09-23,Ateneo De Manila University
alexander,hurst,1998-09-10,Ateneo De Manila University
briley,miller,1996-06-13,Ateneo De Manila University
cecilia,duncan,1996-12-05,Ateneo De Manila University
malaya,osborn,1995-01-26,Ateneo De Manila University
bronson,long,1992-06-25,Ateneo De Manila University
draven,dodson,1992-08-24,Ateneo De Manila University
jenny,hood,1992-03-28,Ateneo De Manila University
royce,cardenas,1997-02-04,Ateneo De Manila University
gage,sloan,1994-08-22,Ateneo De Manila University
zion,zamora,1997-10-15,Ateneo De Manila University
jacob,moreno,1996-10-01,Ateneo De Manila University
jaydin,stout,1996-03-09,Ateneo De Manila University
willow,grant,1992-09-06,Ateneo De Manila University
cohen,marshall,1994-07-03,Ateneo De Manila University
larry,floyd,1994-09-30,Ateneo De Manila University
tatum,chandler,1995-07-11,Ateneo De Manila University
layton,park,1992-02-15,Ateneo De Manila University
brendan,hendricks,1997-10-05,Ateneo De Manila University
maximiliano,cochran,1995-06-26,Ateneo De Manila University
cesar,lowery,1998-03-21,Ateneo De Manila University
bryleigh,bryant,1997-01-01,Ateneo De Manila University
leia,medina,1996-05-15,Ateneo De Manila University
urijah,hurley,1993-02-27,Ateneo De Manila University
darien,ramos,1993-06-17,Ateneo De Manila University
matthias,thomas,1996-07-28,Ateneo De Manila University
kadence,murray,1996-03-27,Ateneo De Manila University
miguel,stevenson,1998-08-28,Ateneo De Manila University
ray,little,1995-11-14,Ateneo De Manila University
mae,acevedo,1998-09-18,Ateneo De Manila University
theodore,wells,1994-10-09,Ateneo De Manila University
abraham,munoz,1995-07-07,Ateneo De Manila University
gaige,gibson,1993-11-25,Ateneo De Manila University
selah,nixon,1993-12-29,Ateneo De Manila University
kade,roth,1995-12-09,Ateneo De Manila University
heath,barton,1992-01-07,Ateneo De Manila University
julien,berry,1997-02-22,Ateneo De Manila University
weston,strong,1996-07-28,Ateneo De Manila University
tristin,livingston,1998-08-22,Ateneo De Manila University
milagros,nixon,1995-08-06,Ateneo De Manila University
brycen,kane,1992-07-16,Ateneo De Manila University
lukas,colon,1994-10-14,Ateneo De Manila University
janae,chaney,1996-03-23,Ateneo De Manila University
kamari,weber,1996-01-08,Ateneo De Manila University
enoch,bauer,1997-04-30,Ateneo De Manila University
jayde,yang,1997-02-25,Ateneo De Manila University
xzavier,tanner,1992-07-26,Ateneo De Manila University
diana,clemons,1996-09-03,Ateneo De Manila University
todd,dixon,1993-04-22,Ateneo De Manila University
malia,hurst,1994-05-04,Ateneo De Manila University
brendon,mcmillan,1993-10-16,Ateneo De Manila University
camila,sargent,1995-10-19,Ateneo De Manila University
brooke,church,1996-04-22,Ateneo De Manila University
brian,finley,1998-09-16,Ateneo De Manila University
aliza,whitley,1998-10-15,Ateneo De Manila University
manuel,black,1995-09-02,Ateneo De Manila University
dakota,carr,1997-11-20,Ateneo De Manila University
lea,allison,1993-03-03,Ateneo De Manila University
hadassah,jimenez,1993-09-12,Ateneo De Manila University
laylah,hodges,1997-06-13,Ateneo De Manila University
sam,freeman,1998-03-16,Ateneo De Manila University
alyssa,pace,1997-05-29,Ateneo De Manila University
ronan,willis,1995-04-17,Ateneo De Manila University
haiden,haney,1995-07-15,Ateneo De Manila University
jared,barron,1993-02-21,Ateneo De Manila University
alvaro,downs,1994-01-15,Ateneo De Manila University
amani,harmon,1996-06-05,Ateneo De Manila University
carson,nielsen,1998-01-18,Ateneo De Manila University
xander,lindsey,1995-06-15,Ateneo De Manila University
adele,noel,1998-04-01,Ateneo De Manila University
maxx,foley,1997-01-08,Ateneo De Manila University
haven,william,1996-12-06,Ateneo De Manila University
alexandra,donovan,1997-12-16,Ateneo De Manila University
heidi,george,1997-08-30,Ateneo De Manila University
aimee,norris,1997-04-29,Ateneo De Manila University
kellen,medina,1998-10-04,Ateneo De Manila University
ashtyn,merritt,1998-09-29,Ateneo De Manila University
chanel,raymond,1992-04-08,Ateneo De Manila University
kaia,skinner,1992-02-22,Ateneo De Manila University
isabella,foster,1997-08-24,Ateneo De Manila University
sherlyn,oneil,1995-08-09,Ateneo De Manila University
armani,byrd,1996-07-07,Ateneo De Manila University
lily,padilla,1996-12-14,Ateneo De Manila University
preston,hernandez,1994-05-31,Ateneo De Manila University
savanna,holt,1994-09-11,Ateneo De Manila University
jacob,fitzgerald,1995-06-19,Ateneo De Manila University
moses,graham,1993-11-20,Ateneo De Manila University
aurora,ford,1997-08-24,Ateneo De Manila University
beckett,mcmillan,1998-05-18,Ateneo De Manila University
quinton,reid,1995-11-23,Ateneo De Manila University
ivan,ruiz,1997-08-02,Ateneo De Manila University
madelynn,harding,1997-06-11,Ateneo De Manila University
johan,wong,1993-07-21,Ateneo De Manila University
mike,donovan,1997-03-07,Ateneo De Manila University
amiyah,marshall,1996-10-07,Ateneo De Manila University
henry,ward,1992-05-21,Ateneo De Manila University
abram,grant,1995-04-27,Ateneo De Manila University
ellis,blackwell,1995-12-10,Ateneo De Manila University
fabian,garza,1995-12-09,Ateneo De Manila University
gemma,mckinney,1993-02-26,Ateneo De Manila University
carley,tillman,1995-12-26,Ateneo De Manila University
aubree,warren,1992-08-25,Ateneo De Manila University
isaac,aguilar,1992-12-08,Ateneo De Manila University
alfredo,coffey,1996-07-10,Ateneo De Manila University
keith,roy,1992-11-21,Ateneo De Manila University
cade,pate,1993-06-12,Ateneo De Manila University
boston,cardenas,1995-10-20,Ateneo De Manila University
aryan,boyer,1993-12-31,Ateneo De Manila University
coen,diaz,1996-09-01,Ateneo De Manila University
tara,berry,1994-10-01,Ateneo De Manila University
nash,ballard,1995-12-26,Ateneo De Manila University
samuel,black,1993-05-14,Ateneo De Manila University
dangelo,rose,1995-10-03,Ateneo De Manila University
cayson,hooper,1995-01-26,Ateneo De Manila University
lennox,clayton,1992-12-29,Ateneo De Manila University
bailee,huber,1993-09-25,Ateneo De Manila University
sasha,mercer,1993-01-04,Ateneo De Manila University
mariam,hutchinson,1997-12-19,Ateneo De Manila University
ben,tillman,1997-09-05,Ateneo De Manila University
edwin,jefferson,1993-10-14,Ateneo De Manila University
edwin,scott,1993-08-27,Ateneo De Manila University
jordan,washington,1997-07-07,Ateneo De Manila University
rodney,conner,1994-12-18,Ateneo De Manila University
jacob,guerrero,1992-12-28,Ateneo De Manila University
jax,mccall,1998-12-14,Ateneo De Manila University
landon,berg,1994-02-23,Ateneo De Manila University
eve,mejia,1995-06-27,Ateneo De Manila University
dorothy,russo,1993-06-28,Ateneo De Manila University
frank,bush,1993-11-22,Ateneo De Manila University
gage,pope,1995-06-04,Ateneo De Manila University
alexzander,ross,1996-08-08,Ateneo De Manila University
kamden,mason,1992-02-28,Ateneo De Manila University
princeton,gates,1996-03-01,Ateneo De Manila University
alfonso,guthrie,1993-10-24,Ateneo De Manila University
jax,nash,1994-08-13,Ateneo De Manila University
jason,tucker,1993-02-03,Ateneo De Manila University
gauge,wolfe,1997-09-19,Ateneo De Manila University
hendrix,mcdaniel,1992-07-02,Ateneo De Manila University
bobby,greer,1994-10-22,Ateneo De Manila University
grace,mckay,1993-01-21,Ateneo De Manila University
tia,mosley,1992-10-13,Ateneo De Manila University
deangelo,dawson,1992-07-27,Ateneo De Manila University
stephanie,english,1997-04-18,Ateneo De Manila University
demi,mcgowan,1993-08-15,Ateneo De Manila University
elyse,figueroa,1993-10-09,Ateneo De Manila University
jagger,bowers,1993-08-11,Ateneo De Manila University
luciano,lowery,1993-01-06,Ateneo De Manila University
laura,copeland,1992-06-14,Ateneo De Manila University
addilyn,davis,1997-06-23,Ateneo De Manila University
annabelle,bennett,1994-09-02,Ateneo De Manila University
abigail,bullock,1996-12-22,Ateneo De Manila University
bridger,chandler,1998-04-09,Ateneo De Manila University
iris,waller,1992-11-19,Ateneo De Manila University
haiden,jenkins,1992-07-31,Ateneo De Manila University
hanna,page,1992-02-22,Ateneo De Manila University
kasen,sellers,1995-05-31,Ateneo De Manila University
triston,berry,1997-08-16,Ateneo De Manila University
helena,livingston,1995-05-02,Ateneo De Manila University
alaya,mcmahon,1997-08-21,Ateneo De Manila University
sasha,herrera,1996-06-26,Ateneo De Manila University
cherish,abbott,1993-04-01,Ateneo De Manila University
zachary,wilkinson,1993-02-18,Ateneo De Manila University
rebecca,sosa,1995-04-22,Ateneo De Manila University
aryana,thornton,1998-10-19,Ateneo De Manila University
beatrice,leon,1998-02-26,Ateneo De Manila University
channing,alvarez,1997-07-24,Ateneo De Manila University
raina,gray,1992-08-11,Ateneo De Manila University
isabel,clemons,1993-07-11,Ateneo De Manila University
ansley,mckay,1995-01-22,Ateneo De Manila University
natalie,hewitt,1998-06-28,Ateneo De Manila University
drew,shields,1997-11-02,Ateneo De Manila University
pamela,allison,1998-05-23,Ateneo De Manila University
steven,farley,1998-11-14,Ateneo De Manila University
maxx,buck,1993-02-18,Ateneo De Manila University
gabrielle,cobb,1993-09-25,Ateneo De Manila University
jeffrey,dodson,1998-11-25,Ateneo De Manila University
bianca,owens,1992-05-09,Ateneo De Manila University
quinton,webster,1995-05-14,Ateneo De Manila University
emiliano,holder,1998-04-12,Ateneo De Manila University
ean,barnett,1994-06-14,Ateneo De Manila University
william,wall,1996-10-25,Ateneo De Manila University
jade,fletcher,1997-04-29,Ateneo De Manila University
izabella,terrell,1993-04-09,Ateneo De Manila University
fiona,reilly,1993-06-20,Ateneo De Manila University
brinley,buckley,1994-08-15,Ateneo De Manila University
ethen,russo,1995-06-03,Ateneo De Manila University
aurora,douglas,1996-03-12,Ateneo De Manila University
quinten,ware,1992-05-25,Ateneo De Manila University
june,mckenzie,1996-04-01,Ateneo De Manila University
alexander,chavez,1997-02-07,Ateneo De Manila University
gunnar,fuller,1996-01-18,Ateneo De Manila University
jordyn,dennis,1993-03-14,Ateneo De Manila University
itzel,ewing,1994-05-31,Ateneo De Manila University
colten,shaffer,1993-10-28,Ateneo De Manila University
cohen,avila,1997-02-01,Ateneo De Manila University
celeste,benton,1994-02-07,Ateneo De Manila University
rachel,mcmahon,1996-10-05,Ateneo De Manila University
javion,miles,1994-06-28,Ateneo De Manila University
alfred,holcomb,1993-08-24,Ateneo De Manila University
brogan,green,1996-07-26,Ateneo De Manila University
kylan,meyers,1994-06-27,Ateneo De Manila University
mya,wagner,1995-04-17,Ateneo De Manila University
jabari,nunez,1996-05-31,Ateneo De Manila University
nova,bender,1994-07-27,Ateneo De Manila University
reuben,johnson,1993-03-19,Ateneo De Manila University
felipe,hewitt,1994-10-10,Ateneo De Manila University
graham,riley,1993-08-26,Ateneo De Manila University
pamela,rodriquez,1995-04-05,Ateneo De Manila University
dorian,wade,1997-06-29,Ateneo De Manila University
george,adkins,1994-06-13,Ateneo De Manila University
sonny,poole,1993-05-29,Ateneo De Manila University
zavier,berg,1997-08-23,Ateneo De Manila University
dayana,glass,1993-01-08,Ateneo De Manila University
asa,cabrera,1996-04-04,Ateneo De Manila University
joey,anderson,1994-08-15,Ateneo De Manila University
tessa,le,1997-04-22,Ateneo De Manila University
mae,bender,1994-05-20,Ateneo De Manila University
israel,holman,1993-06-30,Ateneo De Manila University
lathan,murray,1998-10-05,Ateneo De Manila University
edward,marshall,1997-07-04,Ateneo De Manila University
emely,herrera,1992-12-16,Ateneo De Manila University
mckenzie,maxwell,1998-06-16,Ateneo De Manila University
dana,wong,1997-12-15,Ateneo De Manila University
sariyah,hahn,1994-03-20,Ateneo De Manila University
janessa,weber,1996-03-07,Ateneo De Manila University
nahla,perry,1994-01-26,Ateneo De Manila University
westin,burton,1992-03-07,Ateneo De Manila University
lexi,carr,1992-02-19,Ateneo De Manila University
francisco,melton,1992-05-27,Ateneo De Manila University
galilea,spears,1998-08-03,Ateneo De Manila University
javion,thompson,1996-05-22,Ateneo De Manila University
lesly,moore,1998-03-13,Ateneo De Manila University
jonathan,williams,1995-03-13,Ateneo De Manila University
andre,foley,1992-05-29,Ateneo De Manila University
amelia,cash,1996-02-05,Ateneo De Manila University
jayla,roberts,1997-02-09,Ateneo De Manila University
steve,leach,1992-11-24,Ateneo De Manila University
aliza,levine,1992-01-03,Ateneo De Manila University
myles,holden,1996-01-09,Ateneo De Manila University
jayden,odom,1994-09-23,Ateneo De Manila University
celia,valencia,1995-11-08,Ateneo De Manila University
valerie,odom,1993-05-02,Ateneo De Manila University
ryder,pugh,1995-07-03,Ateneo De Manila University
bryleigh,joseph,1997-02-16,Ateneo De Manila University
ruth,lyons,1994-10-14,Ateneo De Manila University
jeremiah,harvey,1996-07-12,Ateneo De Manila University
dominik,rosa,1993-07-14,Ateneo De Manila University
brodie,walton,1995-01-06,Ateneo De Manila University
aidan,stokes,1997-09-27,Ateneo De Manila University
royce,mosley,1994-08-14,Ateneo De Manila University
dawson,dickson,1996-05-08,Ateneo De Manila University
gabriel,oneal,1998-12-21,Ateneo De Manila University
samantha,sellers,1997-05-08,Ateneo De Manila University
belen,franklin,1994-12-01,Ateneo De Manila University
adan,stewart,1998-01-28,Ateneo De Manila University
elliot,olsen,1995-02-16,Ateneo De Manila University
frankie,leblanc,1996-02-20,Ateneo De Manila University
kayden,oliver,1996-01-09,Ateneo De Manila University
jessica,barton,1998-09-02,Ateneo De Manila University
kendra,hewitt,1996-12-09,Ateneo De Manila University
holden,reyes,1994-12-09,Ateneo De Manila University
kenny,beasley,1996-01-06,Ateneo De Manila University
amari,alford,1997-04-19,Ateneo De Manila University
dustin,contreras,1994-05-31,Ateneo De Manila University
angeline,gillespie,1993-11-18,Ateneo De Manila University
donovan,hart,1998-12-17,Ateneo De Manila University
june,knapp,1994-06-21,Ateneo De Manila University
chelsea,rogers,1996-04-01,Ateneo De Manila University
ross,hensley,1997-11-26,Ateneo De Manila University
devon,mejia,1994-03-10,Ateneo De Manila University
adrianna,barnes,1997-11-28,Ateneo De Manila University
lana,pena,1994-01-01,Ateneo De Manila University
frank,blackwell,1993-04-20,Ateneo De Manila University
seth,melton,1993-12-12,Ateneo De Manila University
enrique,mckenzie,1993-03-31,Ateneo De Manila University
adam,estrada,1993-12-25,Ateneo De Manila University
rocco,russo,1992-10-27,Ateneo De Manila University
nora,aguilar,1993-01-08,Ateneo De Manila University
kody,whitfield,1997-12-16,Ateneo De Manila University
ryan,ross,1993-08-11,Ateneo De Manila University
gracie,atkins,1992-10-09,Ateneo De Manila University
bo,pollard,1997-09-08,Ateneo De Manila University
dalton,franklin,1995-09-14,Ateneo De Manila University
dallas,pierce,1998-01-17,Ateneo De Manila University
gideon,walter,1997-09-18,Ateneo De Manila University
jaidyn,brewer,1992-11-18,Ateneo De Manila University
braiden,mcintyre,1996-08-07,Ateneo De Manila University
deangelo,phillips,1998-05-22,Ateneo De Manila University
chana,sutton,1993-12-04,Ateneo De Manila University
sarah,mcneil,1993-05-04,Ateneo De Manila University
charleigh,walker,1993-09-01,Ateneo De Manila University
alena,sandoval,1996-06-25,Ateneo De Manila University
brayan,wilder,1994-01-31,Ateneo De Manila University
brenna,cole,1994-07-28,Ateneo De Manila University
keenan,norris,1992-01-15,Ateneo De Manila University
gustavo,hanson,1992-10-08,Ateneo De Manila University
clarissa,soto,1994-01-27,Ateneo De Manila University
lauryn,hawkins,1992-05-03,Ateneo De Manila University
ramiro,buchanan,1993-03-05,Ateneo De Manila University
fatima,hewitt,1998-06-14,Ateneo De Manila University
deegan,chen,1993-03-10,Ateneo De Manila University
brandon,wise,1997-11-20,Ateneo De Manila University
karlee,lopez,1995-06-07,Ateneo De Manila University
alice,dixon,1995-11-13,Ateneo De Manila University
kaiden,mullins,1996-07-26,Ateneo De Manila University
darien,sweeney,1996-03-10,Ateneo De Manila University
audrina,baxter,1994-03-01,Ateneo De Manila University
genesis,hernandez,1998-11-23,Ateneo De Manila University
monica,miles,1992-10-27,Ateneo De Manila University
randall,knight,1992-01-14,Ateneo De Manila University
ty,holden,1996-10-14,Ateneo De Manila University
drew,kaufman,1996-11-11,Ateneo De Manila University
braxton,potts,1996-06-01,Ateneo De Manila University
titus,small,1995-06-07,Ateneo De Manila University
leighton,cline,1997-05-24,Ateneo De Manila University
jadyn,bentley,1995-04-12,Ateneo De Manila University
reagan,mcmillan,1998-06-14,Ateneo De Manila University
lila,holmes,1995-05-02,Ateneo De Manila University
conor,deleon,1992-10-26,Ateneo De Manila University
erica,moon,1995-06-25,Ateneo De Manila University
eileen,newman,1998-10-18,Ateneo De Manila University
aryan,owen,1997-11-21,Ateneo De Manila University
cameron,mcintyre,1995-10-08,Ateneo De Manila University
brice,mack,1997-11-07,Ateneo De Manila University
trystan,daugherty,1997-02-25,Ateneo De Manila University
jeffery,dean,1997-06-29,Ateneo De Manila University
rogelio,barnett,1992-09-21,Ateneo De Manila University
august,conley,1998-08-22,Ateneo De Manila University
maliah,austin,1995-07-01,Ateneo De Manila University
josiah,mays,1996-01-14,Ateneo De Manila University
nicole,griffin,1992-04-19,Ateneo De Manila University
fernanda,vance,1992-01-09,Ateneo De Manila University
channing,faulkner,1994-11-08,Ateneo De Manila University
lizbeth,mccray,1996-12-26,Ateneo De Manila University
halle,cobb,1994-08-17,Ateneo De Manila University
princeton,church,1996-09-23,Ateneo De Manila University
ernesto,sykes,1994-11-11,Ateneo De Manila University
allison,marshall,1994-12-07,Ateneo De Manila University
julien,cabrera,1997-01-28,Ateneo De Manila University
kyra,callahan,1993-04-06,Ateneo De Manila University
ruben,callahan,1998-11-08,Ateneo De Manila University
kaia,shaw,1993-07-19,Ateneo De Manila University
alayna,cardenas,1998-02-09,Ateneo De Manila University
issac,hall,1994-02-28,Ateneo De Manila University
brynn,humphrey,1992-08-19,Ateneo De Manila University
zane,cohen,1992-07-13,Ateneo De Manila University
sidney,willis,1993-11-25,Ateneo De Manila University
danna,holt,1997-09-05,Ateneo De Manila University
desiree,miranda,1992-11-16,Ateneo De Manila University
agustin,barber,1992-06-05,Ateneo De Manila University
maxim,holt,1996-03-27,Ateneo De Manila University
rowen,pugh,1995-05-09,Ateneo De Manila University
hugh,hunter,1993-07-19,Ateneo De Manila University
ty,drake,1998-10-07,Ateneo De Manila University
kayson,roy,1998-02-19,Ateneo De Manila University
orion,parrish,1998-02-03,Ateneo De Manila University
ahmed,merrill,1998-01-24,Ateneo De Manila University
hope,perez,1996-07-06,Ateneo De Manila University
kaeden,cotton,1994-02-07,Ateneo De Manila University
skylar,daugherty,1995-04-25,Ateneo De Manila University
robert,hill,1996-08-05,Ateneo De Manila University
julianna,farmer,1995-02-03,Ateneo De Manila University
bianca,gregory,1992-03-14,Ateneo De Manila University
sasha,prince,1996-12-31,Ateneo De Manila University
maritza,larson,1992-06-15,Ateneo De Manila University
braylen,hines,1994-09-18,Ateneo De Manila University
arielle,burgess,1995-07-13,Ateneo De Manila University
braylin,alston,1997-12-25,Ateneo De Manila University
graysen,wiley,1995-11-21,Ateneo De Manila University
whitney,hogan,1996-04-21,Ateneo De Manila University
evie,howe,1993-02-04,Ateneo De Manila University
tripp,levine,1995-12-16,Ateneo De Manila University
sharon,byrd,1992-07-12,Ateneo De Manila University
charlotte,dennis,1992-07-22,Ateneo De Manila University
makhi,fernandez,1996-01-03,Ateneo De Manila University
malachi,thompson,1992-05-30,Ateneo De Manila University
corey,nixon,1996-05-06,Ateneo De Manila University
kristina,sosa,1995-07-20,Ateneo De Manila University
kairi,edwards,1994-10-05,Ateneo De Manila University
sterling,brown,1996-04-27,Ateneo De Manila University
rayan,schmidt,1993-03-26,Ateneo De Manila University
bryanna,barnes,1996-04-25,Ateneo De Manila University
tamia,reilly,1996-11-19,Ateneo De Manila University
alexandra,patton,1995-04-20,Ateneo De Manila University
laurel,weeks,1992-10-14,Ateneo De Manila University
brenna,hyde,1998-08-28,Ateneo De Manila University
nina,everett,1994-12-10,Ateneo De Manila University
melissa,kelley,1998-03-13,Ateneo De Manila University
mikayla,brooks,1992-12-27,Ateneo De Manila University
blaise,underwood,1993-01-20,Ateneo De Manila University
michaela,johnston,1996-08-07,Ateneo De Manila University
lacey,terry,1998-06-21,Ateneo De Manila University
brenna,perry,1992-05-17,Ateneo De Manila University
taliyah,schneider,1992-03-20,Ateneo De Manila University
maverick,mercado,1997-08-25,Ateneo De Manila University
kayden,houston,1993-03-24,Ateneo De Manila University
daniella,washington,1996-10-29,Ateneo De Manila University
adriel,salinas,1996-02-21,Ateneo De Manila University
odin,kerr,1996-09-05,Ateneo De Manila University
scarlett,kidd,1992-10-21,Ateneo De Manila University
brysen,steele,1997-11-01,Ateneo De Manila University
celeste,shepard,1994-10-26,Ateneo De Manila University
dillon,olsen,1996-05-10,Ateneo De Manila University
deanna,harrison,1997-07-27,Ateneo De Manila University
kimberly,saunders,1998-05-18,Ateneo De Manila University
delaney,small,1996-05-17,Ateneo De Manila University
ivan,holt,1995-07-08,Ateneo De Manila University
lauryn,juarez,1995-09-08,Ateneo De Manila University
keegan,rogers,1993-12-11,Ateneo De Manila University
caydence,page,1992-08-19,Ateneo De Manila University
cindy,cash,1994-01-04,Ateneo De Manila University
mckenna,harrington,1993-04-12,Ateneo De Manila University
taraji,rhodes,1997-12-11,Ateneo De Manila University
lindsay,cochran,1996-04-25,Ateneo De Manila University
cruz,hinton,1998-04-18,Ateneo De Manila University
alayah,pennington,1993-11-13,Ateneo De Manila University
lena,mclean,1994-07-11,Ateneo De Manila University
calvin,solis,1997-12-11,Ateneo De Manila University
sylvia,black,1994-02-15,Ateneo De Manila University
alvin,dodson,1993-05-27,Ateneo De Manila University
jaiden,frederick,1997-02-13,Ateneo De Manila University
miah,allison,1996-02-17,Ateneo De Manila University
leona,lane,1996-03-28,Ateneo De Manila University
mauricio,cohen,1997-08-31,Ateneo De Manila University
anika,dalton,1996-09-28,Ateneo De Manila University
derek,newton,1994-04-06,Ateneo De Manila University
cody,calderon,1994-01-19,Ateneo De Manila University
larissa,ewing,1996-10-14,Ateneo De Manila University
rowan,harding,1993-03-21,Ateneo De Manila University
cristopher,hoover,1992-01-23,Ateneo De Manila University
camille,frazier,1997-05-11,Ateneo De Manila University
zaria,hall,1995-01-14,Ateneo De Manila University
liv,gardner,1996-08-08,Ateneo De Manila University
matthew,ferguson,1995-11-21,Ateneo De Manila University
matthias,reynolds,1996-05-11,Ateneo De Manila University
giovanni,wade,1993-07-11,Ateneo De Manila University
kason,frank,1996-02-13,Ateneo De Manila University
emilie,gardner,1994-02-24,Ateneo De Manila University
ralph,burton,1993-04-13,Ateneo De Manila University
ean,cooke,1997-04-17,Ateneo De Manila University
mohammad,tillman,1998-10-21,Ateneo De Manila University
jerome,tran,1993-09-21,Ateneo De Manila University
lillie,owen,1992-08-05,Ateneo De Manila University
lorelai,lynn,1995-10-05,Ateneo De Manila University
ashley,figueroa,1995-02-11,Ateneo De Manila University
annabelle,hickman,1998-09-22,Ateneo De Manila University
julien,gross,1993-06-08,Ateneo De Manila University
jada,mccray,1992-09-23,Ateneo De Manila University
steven,harding,1997-10-20,Ateneo De Manila University
julien,kidd,1993-07-13,Ateneo De Manila University
analia,black,1992-10-22,Ateneo De Manila University
marcos,morse,1997-03-19,Ateneo De Manila University
elvis,parrish,1998-10-25,Ateneo De Manila University
bryant,hahn,1998-05-07,Ateneo De Manila University
mekhi,reid,1998-06-17,Ateneo De Manila University
ulises,kennedy,1996-05-02,Ateneo De Manila University
dorothy,dillon,1998-10-24,Ateneo De Manila University
luka,welch,1998-02-18,Ateneo De Manila University
yareli,duran,1994-08-14,Ateneo De Manila University
amaya,mercado,1992-12-21,Ateneo De Manila University
calvin,holmes,1996-07-13,Ateneo De Manila University
braydon,dunlap,1998-03-07,Ateneo De Manila University
delilah,chen,1993-04-09,Ateneo De Manila University
rodolfo,singleton,1998-02-17,Ateneo De Manila University
alisson,talley,1997-07-13,Ateneo De Manila University
reese,hoover,1997-05-19,Ateneo De Manila University
elin,guerra,1997-06-01,Ateneo De Manila University
abbey,wheeler,1994-04-20,Ateneo De Manila University
devon,holt,1996-01-21,Ateneo De Manila University
luca,hopkins,1992-04-13,Ateneo De Manila University
gustavo,hooper,1992-04-06,Ateneo De Manila University
dawson,patterson,1997-10-03,Ateneo De Manila University
kade,kirk,1996-09-21,Ateneo De Manila University
giovanny,torres,1994-05-15,Ateneo De Manila University
xander,hansen,1997-11-02,Ateneo De Manila University
paulina,hansen,1997-05-24,Ateneo De Manila University
luciana,vaughan,1997-07-01,Ateneo De Manila University
stephen,holman,1994-08-05,Ateneo De Manila University
salvatore,farmer,1994-04-04,Ateneo De Manila University
quinten,spencer,1997-01-16,Ateneo De Manila University
ayden,boyle,1992-04-26,Ateneo De Manila University
curtis,hughes,1997-01-09,Ateneo De Manila University
jaida,bradshaw,1996-05-31,Ateneo De Manila University
ashlynn,franco,1992-03-04,Ateneo De Manila University
mauricio,blake,1995-05-04,Ateneo De Manila University
haylee,hart,1998-03-07,Ateneo De Manila University
solomon,mullins,1997-02-06,Ateneo De Manila University
peyton,snow,1997-01-08,Ateneo De Manila University
kayden,baird,1996-11-18,Ateneo De Manila University
ainsley,hendrix,1995-02-14,Ateneo De Manila University
bryanna,barrett,1993-07-02,Ateneo De Manila University
zayne,marquez,1992-06-28,Ateneo De Manila University
katherine,wagner,1993-08-04,Ateneo De Manila University
anders,oneill,1995-03-07,Ateneo De Manila University
amanda,steele,1997-04-27,Ateneo De Manila University
hailey,steele,1995-06-17,Ateneo De Manila University
jairo,jefferson,1994-01-26,Ateneo De Manila University
regan,wolfe,1995-04-19,Ateneo De Manila University
alexis,lynch,1995-01-06,Ateneo De Manila University
danny,valdez,1995-02-23,Ateneo De Manila University
amara,thomas,1993-03-20,Ateneo De Manila University
emilio,guzman,1994-06-13,Ateneo De Manila University
alexia,miller,1996-10-08,Ateneo De Manila University
corinne,callahan,1998-07-30,Ateneo De Manila University
eve,stokes,1996-10-25,Ateneo De Manila University
kellan,watson,1992-01-25,Ateneo De Manila University
franco,dorsey,1998-04-19,Ateneo De Manila University
nicole,stewart,1996-08-14,Ateneo De Manila University
brock,boyer,1995-10-06,Ateneo De Manila University
conner,burks,1995-11-19,Ateneo De Manila University
colten,rollins,1993-07-11,Ateneo De Manila University
london,mccarthy,1998-01-14,Ateneo De Manila University
elias,ewing,1994-08-12,Ateneo De Manila University
kara,petersen,1993-02-24,Ateneo De Manila University
carla,vega,1995-03-11,Ateneo De Manila University
keyon,mayer,1997-02-20,Ateneo De Manila University
angelina,hamilton,1997-06-23,Ateneo De Manila University
amalia,gallegos,1997-05-21,Ateneo De Manila University
meadow,mccoy,1993-12-08,Ateneo De Manila University
barrett,mills,1996-03-06,Ateneo De Manila University
pierce,hester,1992-05-18,Ateneo De Manila University
shane,cherry,1993-01-24,Ateneo De Manila University
grady,soto,1995-05-09,Ateneo De Manila University
phillip,murray,1996-03-09,Ateneo De Manila University
grant,hebert,1996-04-01,Ateneo De Manila University
lucia,clarke,1993-01-24,Ateneo De Manila University
cale,carey,1996-12-02,Ateneo De Manila University
haylie,shepherd,1997-02-03,Ateneo De Manila University
julian,cunningham,1996-09-07,Ateneo De Manila University
demi,boone,1996-04-15,Ateneo De Manila University
eleanor,larsen,1994-03-30,Ateneo De Manila University
janet,knapp,1995-01-09,Ateneo De Manila University
dominick,mercer,1996-05-16,Ateneo De Manila University
jayden,aguilar,1998-09-27,Ateneo De Manila University
matthew,rosario,1998-12-08,Ateneo De Manila University
lilia,meadows,1996-05-22,Ateneo De Manila University
cade,bowen,1993-03-31,Ateneo De Manila University
kyndall,booth,1995-04-29,Ateneo De Manila University
terrence,cook,1993-03-16,Ateneo De Manila University
trevon,charles,1995-04-06,Ateneo De Manila University
ellis,stark,1995-02-10,Ateneo De Manila University
warren,wolfe,1992-05-27,Ateneo De Manila University
josie,talley,1997-06-20,Ateneo De Manila University
blaise,white,1992-08-04,Ateneo De Manila University
maleah,haney,1992-04-26,Ateneo De Manila University
bentley,walter,1995-08-01,Ateneo De Manila University
jakayla,swanson,1992-11-24,Ateneo De Manila University
lola,perez,1995-04-08,Ateneo De Manila University
corban,sherman,1994-05-18,Ateneo De Manila University
ruth,odonnell,1995-08-04,Ateneo De Manila University
london,stark,1997-06-27,Ateneo De Manila University
joey,wood,1995-03-08,Ateneo De Manila University
jaron,kirby,1995-01-03,Ateneo De Manila University
maurice,ferrell,1997-03-09,Ateneo De Manila University
pearl,robles,1998-01-28,Ateneo De Manila University
harvey,love,1995-10-13,Ateneo De Manila University
fabian,calderon,1996-08-11,Ateneo De Manila University
danna,weaver,1993-11-20,Ateneo De Manila University
jasmine,juarez,1996-11-26,Ateneo De Manila University
mattie,mullins,1994-01-10,Ateneo De Manila University
jayden,burton,1994-07-01,Ateneo De Manila University
leonardo,knight,1998-11-19,Ateneo De Manila University
soren,riley,1998-04-01,Ateneo De Manila University
maxwell,holloway,1998-10-28,Ateneo De Manila University
esmeralda,rose,1997-01-28,Ateneo De Manila University
wendy,hickman,1998-10-10,Ateneo De Manila University
james,avery,1996-09-25,Ateneo De Manila University
madilyn,chavez,1994-07-21,Ateneo De Manila University
aiyana,blankenship,1992-12-07,Ateneo De Manila University
johan,kelly,1996-12-09,Ateneo De Manila University
rachel,griffith,1996-07-17,Ateneo De Manila University
bowen,harrington,1996-12-28,Ateneo De Manila University
sidney,edwards,1992-05-30,Ateneo De Manila University
hendrix,hughes,1993-12-20,Ateneo De Manila University
aviana,reeves,1995-05-02,Ateneo De Manila University
jaydon,hartman,1998-02-28,Ateneo De Manila University
lennon,cline,1992-12-22,Ateneo De Manila University
kyndall,powers,1997-08-25,Ateneo De Manila University
darwin,patterson,1993-10-04,Ateneo De Manila University
maya,waller,1995-12-09,Ateneo De Manila University
maddison,hernandez,1995-11-15,Ateneo De Manila University
taliyah,rowland,1995-09-08,Ateneo De Manila University
danielle,justice,1993-05-30,Ateneo De Manila University
ethan,good,1994-08-16,Ateneo De Manila University
chanel,wallace,1992-10-14,Ateneo De Manila University
adyson,clayton,1998-01-25,Ateneo De Manila University
aryan,mendez,1994-09-02,Ateneo De Manila University
anna,flynn,1995-09-08,Ateneo De Manila University
raelyn,garza,1993-09-14,Ateneo De Manila University
desmond,gamble,1997-07-20,Ateneo De Manila University
kason,watts,1993-11-08,Ateneo De Manila University
elliana,ferguson,1996-01-04,Ateneo De Manila University
otto,higgins,1992-08-23,Ateneo De Manila University
thalia,gonzalez,1993-06-02,Ateneo De Manila University
maia,vaughan,1993-01-11,Ateneo De Manila University
melina,justice,1995-03-01,Ateneo De Manila University
eden,herrera,1996-12-30,Ateneo De Manila University
april,massey,1998-09-09,Ateneo De Manila University
laila,hatfield,1996-04-13,Ateneo De Manila University
hudson,skinner,1992-06-23,Ateneo De Manila University
riley,blankenship,1993-08-16,Ateneo De Manila University
rodolfo,hernandez,1997-02-06,Ateneo De Manila University
kason,morris,1998-04-09,Ateneo De Manila University
lilian,parsons,1996-04-22,Ateneo De Manila University
davon,valencia,1994-04-17,Ateneo De Manila University
edith,dyer,1993-11-16,Ateneo De Manila University
kaelyn,harding,1995-03-26,Ateneo De Manila University
lewis,frye,1995-05-24,Ateneo De Manila University
anika,dickerson,1998-03-28,Ateneo De Manila University
jeffery,alston,1996-09-19,Ateneo De Manila University
jordan,lott,1994-09-26,Ateneo De Manila University
janelle,beasley,1994-09-10,Ateneo De Manila University
carlee,howe,1992-07-29,Ateneo De Manila University
drew,foley,1997-07-17,Ateneo De Manila University
javion,sampson,1993-11-15,Ateneo De Manila University
gaige,wilkinson,1993-06-04,Ateneo De Manila University
skylar,young,1997-05-14,Ateneo De Manila University
carlee,davenport,1994-03-27,Ateneo De Manila University
renata,kidd,1998-02-15,Ateneo De Manila University
silas,terrell,1997-02-19,Ateneo De Manila University
melvin,cannon,1995-10-25,Ateneo De Manila University
emery,hunt,1998-07-06,Ateneo De Manila University
nathaly,head,1992-11-28,Ateneo De Manila University
justus,best,1997-10-29,Ateneo De Manila University
quentin,camacho,1997-09-05,Ateneo De Manila University
elin,wynn,1994-03-20,Ateneo De Manila University
samuel,marks,1992-01-20,Ateneo De Manila University
sage,case,1998-02-17,Ateneo De Manila University
julian,warren,1996-12-15,Ateneo De Manila University
connor,davenport,1997-05-07,Ateneo De Manila University
alfonso,johns,1997-04-03,Ateneo De Manila University
nehemiah,gallegos,1997-06-14,Ateneo De Manila University
